Id,Make,Model,Height,Width,Legth
1,Renault,Kangoo,3.63269,0.16926,0.0149683
2,Dacia,Logan,4.10676,0.152605,0.0115854
3,Reneaut,,2.73791,0.338189,0.0123196
